name,association,description,latitude,longitude,2022,2023,2024,2025,2026
01 - Favre/Sommeiller,Cycle sur Léman (Chens) + Roule & Co + Vélopito + UPCluses,,45.9024651,6.1265996,0,0,0,1,1
02 - Avenue de Genève Nord,Cycle sur Léman (Chens) + Roule & Co + Vélopito + UPCluses,Devant Mc Do au croisement avec la piste cyclable qui traverse devant Carrefour,45.9258584,6.1240062,0,0,0,1,1
03 - Marquisats,Cycle sur Léman (Chens) + Roule & Co + Vélopito + UPCluses,,45.8930686,6.1366181,0,0,0,1,1
04 - Double RP Avenue de Cran,Cycle sur Léman (Chens) + Roule & Co + Vélopito + UPCluses,,45.906363,6.1146729,0,0,0,1,1
05 - RP de Vignières,Cycle sur Léman (Chens) + Roule & Co + Vélopito + UPCluses,"le 1er compteur compte les entrées provenant de l'avenue des Carrés et de l'esplanade UNIQUEMENT LES ENTREES SUR LE ROND-POINT, PAS LES SORTIES !)",45.9148425,6.1464756,0,0,0,1,1
05 bis - RP de Vignières,Cycle sur Léman (Chens) + Roule & Co + Vélopito + UPCluses,"Le 2nd compteur compte les entrées provenant de l'allée Jean Monnet, des rues Jean Mermoz, du Pré de la Salle et du capitaine Baud (UNIQUEMENT LES ENTRÉES SUR LE RD POINT, PAS LES SORTIES !)",45.9156302,6.1473066,0,0,0,1,1
06 - Autopont avenue du Rhône,Cycle sur Léman (Chens) + Roule & Co + Vélopito + UPCluses,Sous l'autopont au croisement des pistes cyclables,45.9027154,6.1112241,0,0,0,1,1
07 - Souterrain Rocade/Gambetta,Cycle sur Léman (Chens) + Roule & Co + Vélopito + UPCluses,Celui qui passe sous la voie ferrée,45.9118021,6.1249448,0,0,0,1,1
08 - RP Maréchal Juin,Cycle sur Léman (Chens) + Roule & Co + Vélopito + UPCluses,Grand Frais,45.8899134,6.1145899,0,0,0,1,1
09 - Pont de Tasset,Cycle sur Léman (Chens) + Roule & Co + Vélopito + UPCluses,,45.9091131,6.0968032,0,0,0,1,1
10 - RP de la Croisée,Cycle sur Léman (Chens) + Roule & Co + Vélopito + UPCluses,En contrebas de Cocktail Scandinave,45.8958532,6.1114979,0,0,0,1,1
11 - Viaduc de Brassilly,Cycle sur Léman (Chens) + Roule & Co + Vélopito + UPCluses,,45.9057609,6.0931413,0,0,0,1,1
12 - Petit port,Cycle sur Léman (Chens) + Roule & Co + Vélopito + UPCluses,,45.9055566,6.158369,0,0,0,1,1
13 - Creusettes (Poisy),Cycle sur Léman (Chens) + Roule & Co + Vélopito + UPCluses,,45.9197023,6.0832552,0,0,0,1,1
14 - Auriol/Périmètre,Cycle sur Léman (Chens) + Roule & Co + Vélopito + UPCluses,,45.9244246,6.1272856,0,0,0,1,1
15 - Parc des Glaisins,Cycle sur Léman (Chens) + Roule & Co + Vélopito + UPCluses,,45.9245778,6.1582181,0,0,0,1,1
16 - Metz-Tessy-Epagny D908B,Cycle sur Léman (Chens) + Roule & Co + Vélopito + UPCluses,,45.9350838,6.1107991,0,0,0,1,1
Abondance Collège Sainte Croix des Neiges,Association Mobilité Douce Chablais,,46.2779369,6.7206891,0,0,0,0,1
Allinges / Thonon - Rond point des Fleysets,Association Mobilité Douce Chablais,,46.352682,6.477102,1,1,1,1,1
Amancy Vozerier,Calque sans titre,,46.0694567,6.3346961,1,0,0,0,0
Ambilly Jura (voie verte),2022-2023: Calque sans titre | 2024-2026: EVAV,,46.1944615,6.224119,1,1,1,1,1
Annemasse Agglo,2022-2023: Calque sans titre | 2024-2026: EVAV,EVAV 2 pers,46.1959787,6.2312626,1,1,1,1,1
Annemasse Clos Fleury,2022-2023: Calque sans titre | 2024-2026: EVAV,EVAV 2 pers,46.192746,6.2317462,1,1,1,1,1
Anthy / Thonon - Pont de Marclaz,Association Mobilité Douce Chablais,Pont du Pamphiot,46.355287,6.447093,1,1,1,1,1
"Arenthon, La Papeterie",2022: Calque sans titre | 2023: Pays Rochois | 2024-2025: Pays Rochois NATENV,,46.0830867,6.3649998,1,1,1,1,0
ARTHAZ_Giratoire lavomatique,AERE,,46.1622162,6.2761617,0,1,1,1,1
Aubonne Collège St François,Association Mobilité Douce Chablais,,46.3006988,6.2857705,0,0,0,0,1
Avenue Wendt,PRO VELO Genève,,46.2119399,6.1276753,0,0,0,0,1
2024: Ayze Piste cyclable Bonneville Marignier | 2025-2026: Ayze Piste cyclable Bonneville après piscine,Pays Rochois NATENV,,46.0782195,6.4264838,0,0,1,1,1
BD Georges Favon,PRO VELO Genève,,46.2023865,6.1401964,0,1,1,1,1
Bellevaux. Collège Notre-Dame,Association Mobilité Douce Chablais,Collège Notre-Dame,46.2578233,6.53163,0,0,0,0,1
Bonneville Pont Europe,Pays Rochois NATENV,,46.0759431,6.4062555,0,0,0,0,1
"2022-2024: Bonneville, Prison | 2025-2026: Bonneville, Prison Franchissement Borne Tucinges",2022: Calque sans titre | 2023: Pays Rochois | 2024-2026: Pays Rochois NATENV,,46.0792916,6.4000244,1,1,1,1,1
Bons en Chablais - Gare,Association Mobilité Douce Chablais,,46.26919,6.366401,1,1,1,1,1
Bons en Chablais Collège François Mugnier,Association Mobilité Douce Chablais,Collège François Mugnier,46.2654769,6.3626506,0,0,0,0,1
Bons en Chablais Intersection av du Léman av des Voirons,Association Mobilité Douce Chablais,,46.2649712,6.3707562,0,0,0,0,1
2022-2024: Challex | 2025-2026: Challex->LaPlaine,2022-2023: Calque sans titre | 2024-2026: APICY,,46.1772767,5.9911789,1,1,1,1,1
chemin de la Chécande,Association du Préau,,46.1426968,6.1196991,1,1,1,1,1
Chens sur Léman Intersection D20 D25,Association Mobilité Douce Chablais,,46.3158905,6.266858,0,0,0,0,1
Chloro Arpigny Fillinges,Pays Rochois NATENV,"46.151740, 6.341957",46.1516211,6.3421287,0,0,0,0,1
Chloro Proxivélo Pont Fillinges,Pays Rochois NATENV,"46.163215, 6.351672",46.1630961,6.351672,0,0,0,0,1
Chloro Pt Savoyard Fillinges,Pays Rochois NATENV,"46.16185753320907, 6.352769890251818",46.1618575,6.3527699,0,0,0,0,1
Chloro Soly Bonne,Pays Rochois NATENV,"46.161829, 6.316651",46.161829,6.316651,0,0,0,0,1
2022-2024: Voie verte Divonne | 2025-2026: Crassier Voie verte,2022-2023: Calque sans titre | 2024-2026: APICY,ATE Vaud,46.3726167,6.1648493,1,1,1,1,1
Croix-de-Rozon,2022: Calque sans titre | 2023-2026: Salève Vivant,,46.1436146,6.1381708,1,1,1,1,1
Divonne->Chavanne,2022-2023: Calque sans titre | 2024-2026: APICY,,46.3459462,6.1519184,1,1,1,1,1
Douane Chens-Hermance,2024: Cycla sur Léman (Chens) | 2025-2026: Cycle sur Léman (Chens) + Roule & Co + Vélopito + UPCluses,,46.3029176,6.2479383,0,0,1,1,1
2022: Veyrier | 2024-2026: Douane Veyrier,PRO VELO Genève,2022: pro velo : Philp | 2024-2026: TEST APPLICATION BENOIT,46.1665361,6.188221,1,0,1,1,1
Douvaine - Mairie,Association Mobilité Douce Chablais,,46.304777,6.307081,1,1,1,1,0
Douvaine Intersection Route de Génève Av des Voirons,Association Mobilité Douce Chablais,feu devant la pharmacie,46.3058291,6.3013077,0,0,0,0,1
Douvaine. Collège du Bas Chablais,Association Mobilité Douce Chablais,Collège du Bas Chablais,46.3045284,6.3076494,0,0,0,0,1
Ehpad,Cycle sur Léman (Chens) + Roule & Co + Vélopito + UPCluses,#79 sur app,45.8784779,6.3218111,0,0,0,0,1
ETREMBIERES_RD2 / RD906a (ex-PN93),2022: Calque sans titre | 2023-2026: AERE,Grand giratoire,46.1768974,6.2349567,1,1,1,1,1
ETREMBIERES_Rte de St-Julien / Rte du Salève,2022: Calque sans titre | 2023-2026: AERE,Carrefour à feux,46.175233,6.2214353,1,1,1,1,1
2022-2025: Evian - Gare | 2026: Evian - Gare SNCF,Association Mobilité Douce Chablais,Compter aussi vélos garés,46.3982,6.577775,1,1,1,1,1
Evian Collège des Rives,Association Mobilité Douce Chablais,,46.3908395,6.5807063,0,0,0,0,1
Evian Débarcadère SGN,EVAV,compter aussi vélos dans les P dédiés,46.4014128,6.5958943,0,0,0,0,1
Evian Impasse de la Guinguette,Association Mobilité Douce Chablais,,46.3993247,6.5855176,0,0,0,0,1
Evian Rond-point Dolfus,Association Mobilité Douce Chablais,,46.3987922,6.5769366,0,0,0,0,1
Evian. Lycée Anna de Noailles,Association Mobilité Douce Chablais,Lycée Anna de Noailles,46.399553,6.5794839,0,0,0,0,1
Exemple Thônes,Cycle sur Léman (Chens) + Roule & Co + Vélopito + UPCluses,,45.8823692,6.3230664,0,0,0,1,0
Ferney,2022-2023: Calque sans titre | 2024-2026: APICY,,46.2443451,6.1227232,1,1,1,1,1
Ferney-Vireloup,2022-2023: Calque sans titre | 2024-2026: APICY,Comptage dans les deux sens,46.2605964,6.1191427,1,1,1,1,1
Gaillard Fossard,2022-2023: Calque sans titre | 2024-2026: EVAV,EVAV 2 pers,46.183636,6.1954062,1,1,1,1,1
Gaillard Moillesulaz,2022-2023: Calque sans titre | 2024-2026: EVAV,EVAV 2 pers,46.1921605,6.2068732,1,1,1,1,1
Gaillard Pont Noir (voie verte),2022-2023: Calque sans titre | 2024-2026: EVAV,,46.1937188,6.2151068,1,1,1,1,1
Hameau de Fossard,PRO VELO Genève,pro velo : 1 personne,46.1827625,6.193314,1,0,0,0,0
Jardin Anglais 1 (Est),PRO VELO Genève,A vérifier avec Noam et Thomas,46.2035933,6.1531567,0,0,0,1,0
Jardin Anglais 1 (Pont du Mt Blanc),PRO VELO Genève,A vérifier avec Noam et Thomas,46.206207,6.1484306,0,0,0,0,1
2025: Jardin Anglais 2 (Ouest) | 2026: Jardin Anglais 2,PRO VELO Genève,A vérifier avec Noam et Thomas,46.2039825,6.151288,0,0,0,1,1
2023-2024: La Roche Rte St Sixt/Andrevetan | 2025-2026: La Roche Andrevetan/St Sixt,2023: Pays Rochois | 2024-2026: Pays Rochois NATENV,,46.0609773,6.3180038,0,1,1,1,1
"2022: Etaux, Saint Renan | 2024: La Roche rd pt Enilv | 2025: La Roche giratoire Enilv",2022: Calque sans titre | 2024-2025: Pays Rochois NATENV,,46.070882,6.3006406,1,0,1,1,0
"La Roche, Biocoop",2022: Calque sans titre | 2023: Pays Rochois | 2024-2026: Pays Rochois NATENV,,46.0659042,6.3109345,1,1,1,1,1
"La Roche, Gare",2022: Calque sans titre | 2023: Pays Rochois | 2024-2026: Pays Rochois NATENV,,46.0686163,6.3031194,1,1,1,1,1
"La Roche, La Poste",2022: Calque sans titre | 2023: Pays Rochois | 2024-2026: Pays Rochois NATENV,,46.0673913,6.312697,1,1,1,1,1
Landecy,2022: Calque sans titre | 2023-2026: Salève Vivant,,46.1413547,6.131991,1,1,1,1,1
Margencelle Collège Monod,Association Mobilité Douce Chablais,,46.3419961,6.4142384,0,0,0,0,1
Marin / Thonon - Pont de Dranse,Association Mobilité Douce Chablais,Intersection route d'Evian et route de Thonon,46.382772,6.508729,1,1,1,1,1
Mategnin-Anneaux,APICY,"Debut de la VV depuis rd pt des Annaux, en direction ver Mategnin",46.2458162,6.0819496,0,0,0,1,1
2022-2024: Mategnin | 2025-2026: Mategnin-Douane,2022-2023: Calque sans titre | 2024-2026: APICY,"2022-2024: 2 comptages:
- rd pt des Anneaux
- douane de Mategnin | 2025-2026: Entre les douanes suisses et français",46.2413531,6.0888201,1,1,1,1,1
Passage du marché,2022: Calque sans titre | 2023-2026: Salève Vivant,,46.1427732,6.1367264,1,1,1,1,1
Passerelle de Messy (Cluses),Cycle sur Léman (Chens) + Roule & Co + Vélopito + UPCluses,UPCluses : comptage à hauteur de la passerelle et de la voie verte.,46.0649163,6.5677075,0,0,0,1,1
2022-2025: Perrignier - Gare | 2026: Perrignier - Gare SNCF,Association Mobilité Douce Chablais,Compter aussi les vélos qui sont dans les P,46.30332,6.425414,1,1,1,1,1
PERS-JUSSY_Giratoire Casino,2022: Calque sans titre | 2023-2026: AERE,,46.1209034,6.2693194,1,1,1,1,1
Pierre-Grand,2022: Calque sans titre | 2023-2026: Salève Vivant,,46.1505124,6.1497579,1,1,1,1,1
Point 7,EVAV,Intersection descente vallée verte,46.1640381,6.3646824,0,0,0,0,1
Pont Souville,PRO VELO Genève,pro velo : 1 personne,46.1812684,6.1901784,1,0,0,0,0
2022-2024: Pougny | 2025-2026: Pougny->Chancy,2022-2023: Calque sans titre | 2024-2026: APICY,,46.1442561,5.9647337,1,1,1,1,1
REIGNIER_Accès gare (Tour d'Yvoire),AERE,,46.1263467,6.2662295,0,1,1,1,1
REIGNIER_Giratoire d'Arthaz,2022: Calque sans titre | 2023-2026: AERE,,46.1454632,6.2682868,1,1,1,1,1
REIGNIER_Giratoire de la Colline,AERE,,46.1331431,6.268032,0,1,1,1,1
"2022: Reignier, Giratoire Eglise | 2023-2026: REIGNIER_Giratoire Eglise/Jonquilles",2022: Calque sans titre | 2023-2026: AERE,,46.1388528,6.2703494,1,1,1,1,1
REIGNIER_Rte de Marsinge / Rte de Viaison,2022: Calque sans titre | 2023-2026: AERE,,46.1572031,6.2437207,1,1,1,1,1
route d'Ambilly,PRO VELO Genève,pro vélo : 1 personne,46.1984316,6.2129621,1,0,0,0,0
2022-2023: Route de Chancy | 2024-2025: Route de Chancy 6B,PRO VELO Genève,hauteur Ministère Public,46.1928829,6.1226808,1,1,1,1,0
2022: Rue de la Servette | 2024-2026: rue de la Servette 47,PRO VELO Genève,pro velo,46.2109717,6.1353879,1,0,1,1,1
Rue de Lausanne,PRO VELO Genève,"2022-2023: pro velo | 2024-2026: pro velo
hauteur jardin Botanique",46.2260737,6.1480769,1,1,1,1,1
2022: Rue de Lyon | 2024-2026: rue de Lyon,PRO VELO Genève,"2022: pro velo
Au niveau du parc geisendorf | 2024-2026: Au niveau du parc Geisendorf TEST APPLICATION BENOIT",46.2087665,6.1314692,1,0,1,1,1
Rue des Deux Ponts,PRO VELO Genève,,46.2002071,6.1291691,0,0,0,0,1
Saint Jean d'Aulps Collège H. Corbet,Association Mobilité Douce Chablais,,46.2349394,6.6537369,0,0,0,0,1
Saint Julien - Chemin des Crottes,Saint Julien,,46.150058,6.081698,1,1,1,1,1
Saint Julien - Douane de Certoux,Saint Julien,,46.149428,6.073528,1,1,1,1,1
Saint Julien - Douane de Perly,Saint Julien,,46.151679,6.090078,1,1,1,1,1
Saint Julien - Stade de la Paguette,Saint Julien,,46.148852,6.074859,1,1,1,1,1
Saint Paul en Chablais Collège du Gavot,Association Mobilité Douce Chablais,,46.3676343,6.6100181,0,0,0,0,1
"Saint Pierre, D12",Calque sans titre,,46.072864,6.3950927,1,0,0,0,0
Sauverny,APICY,Sauvergny,46.3116826,6.1200773,0,0,1,1,1
Sous Lathoy,Association du Préau,,46.1429496,6.1077346,1,1,1,1,1
"2022-2024: Saint Pierre, Dessy | 2026: St Pierre Dessy","2022: Calque sans titre | 2023: Pays Rochois | 2024,2026: Pays Rochois NATENV",,46.0593278,6.3815651,1,1,1,0,1
St Pierre M. Bricolage,2022: Calque sans titre | 2023: Pays Rochois | 2024-2026: Pays Rochois NATENV,,46.0718981,6.3767531,1,1,1,1,1
"2022: Bonneville, D12 | 2023-2024: St Pierre/Bonneville Rd point Borne/RN1203 | 2025-2026: St Pierre/Bonneville Pont principal sur le Borne RN1203",2022: Calque sans titre | 2023: Pays Rochois | 2024-2026: Pays Rochois NATENV,,46.0727672,6.3960046,1,1,1,1,1
"2022-2024: CERN | 2025-2026: StGenis (CERN, Porte de France)",2022-2023: Calque sans titre | 2024-2026: APICY,"3 comptages:
- vers Meyrin
- vers CERN
- vers Bourginy",46.2392866,6.0346931,1,1,1,1,1
StJean de Gonville/Challex,2022-2023: Calque sans titre | 2024-2026: APICY,,46.1965512,5.9883357,1,1,1,1,1
Thonon - Carrefour Libération,Association Mobilité Douce Chablais,,46.366942,6.478514,1,1,1,1,1
Thonon - Ecole Jules Ferry,Association Mobilité Douce Chablais,,46.374246,6.485916,1,1,1,1,0
Thonon - Embarcadère,Association Mobilité Douce Chablais,Compter aussi les vélos garés dans le P dédié,46.375093,6.477144,1,1,1,1,1
Thonon - Gare Parvis nord,Association Mobilité Douce Chablais,,46.369346,6.48157,1,1,1,1,1
Thonon - Gare Place de Crête,Association Mobilité Douce Chablais,,46.368321,6.482455,1,1,1,1,1
2022-2025: Thonon - Avenue d'Evian | 2026: Thonon - Lycée St Joseph,Association Mobilité Douce Chablais,Lycée Saint Joseph,46.37567,6.48482,1,1,1,1,1
Thonon - Rond point J. Ferry G Andrier Pl des Arts Bld du Canal,Association Mobilité Douce Chablais,,46.370028,6.4809428,1,1,1,1,0
Thonon Collège Jeanne d'Arc,Association Mobilité Douce Chablais,,46.3731904,6.4841436,0,0,0,0,1
Thonon Collège JJ Rousseau,Association Mobilité Douce Chablais,,46.3673025,6.4712107,0,0,0,0,1
Thonon Collège Sacré Coeur,Association Mobilité Douce Chablais,,46.3667564,6.4802716,0,0,0,0,1
Thonon Intersection av Jules Ferry chemin Vieux,Association Mobilité Douce Chablais,,46.3737472,6.4850641,0,0,0,0,1
Thonon Lycée de la Versoie,Association Mobilité Douce Chablais,,46.3648204,6.4710978,0,0,0,0,1
Thonon Lycée des 3 vallées,Association Mobilité Douce Chablais,,46.3616424,6.4633397,0,0,0,0,1
Thonon Lycée hôtelier,Association Mobilité Douce Chablais,,46.3723728,6.4757743,0,0,0,0,1
Thonon Rond point Place des Arts,Association Mobilité Douce Chablais,,46.3710327,6.481839,0,0,0,0,1
Thonon Rond-point Bonne Rencontre,Association Mobilité Douce Chablais,,46.3780712,6.4900676,0,0,0,0,1
2022-2025: Thonon - Collège Champagne | 2026: Thonon. Collège Champagne,Association Mobilité Douce Chablais,2022-2025: Rue Henri Baud | 2026: Comptabiliser le nombre de vélos et trottinettes garés,46.379269,6.4944736,1,1,1,1,1
Thonon. Lycée des 3 vallées,Association Mobilité Douce Chablais,Comptage des vélos garés,46.3683798,6.4842541,0,0,0,0,1
"Thonon. Rd point dit ""de la Mouche""",Association Mobilité Douce Chablais,"Av de la Dranse, rte d'Armoy, Av des Vallées",46.3706475,6.4912103,0,0,0,0,1
Troinex/Bossey,2022: Calque sans titre | 2023-2026: Salève Vivant,,46.1544961,6.1613021,1,1,1,1,1
Valleiry - La Joux,Saint Julien,,46.128412,5.979567,1,1,1,1,1
Veigy - Douane,Association Mobilité Douce Chablais,,46.272886,6.242672,1,1,1,1,1
Vernaies RD,Cycle sur Léman (Chens) + Roule & Co + Vélopito + UPCluses,#75 sur app,45.8858827,6.3168812,0,0,0,0,1
Versonnex,2022-2023: Calque sans titre | 2024-2026: APICY,"- vers frontière
- piste forestière",46.2869177,6.1044835,1,1,1,1,1
Viry - Malagny,Saint Julien,,46.140071,6.009811,1,1,1,1,1
Viry - Soral 2,Saint Julien,,46.134065,6.0351,1,1,1,1,1
Voie verte Bel-Air,PRO VELO Genève,2022: pro velo : 2 personnes | 2024-2026: 3 personnes,46.1969526,6.1937869,1,0,1,1,1
Voie verte Eaux-Vives,PRO VELO Genève,,46.2034465,6.1710443,1,1,1,1,1
Voie verte Montagne,PRO VELO Genève,pro velo : 2 personnes,46.198364,6.1906384,0,1,0,0,0
